Name,Slug,Collection ID,Locale ID,Item ID,Archived,Draft,Created On,Updated On,Published On,fachadas,Precio Numero,Tipo,Area Construida,Area Privada,Etapa,Plano,SVG Code,X COordinate,Y coordinate,Width,Est,Nave,Numero,Tipología,Tipologia2,piso
1,1,6814c827e1d8937a7be833e6,6814c827e1d8937a7be83388,68795f4b08f5b3aa194cc7bb,false,false,Thu Jul 17 2025 20:38:35 GMT+0000 (Coordinated Universal Time),Tue Aug 19 2025 14:09:27 GMT+0000 (Coordinated Universal Time),Tue Aug 19 2025 14:10:06 GMT+0000 (Coordinated Universal Time),vista-occidente,,,,,1,,"<svg width=""100%"" height=""100%"" viewBox=""0 0 314 100"" fill=""none"" xmlns=""http://www.w3.org/2000/svg""> <path d=""M0 0H143.179H312.138L314 100H143.179H0V0Z"" fill=""#4F8960"" fill-opacity=""0.62""/> </svg>",62.2,35.9,12.5,vendida,,1,e1,e2,
10,10,6814c827e1d8937a7be833e6,6814c827e1d8937a7be83388,68795f4b0cca9a30e8ab8184,false,false,Thu Jul 17 2025 20:38:35 GMT+0000 (Coordinated Universal Time),Wed Sep 03 2025 12:55:05 GMT+0000 (Coordinated Universal Time),Wed Sep 03 2025 12:55:05 GMT+0000 (Coordinated Universal Time),vista-occidente,,,,,1,,"<svg width=""100%"" height=""100%"" viewBox=""0 0 198 96"" fill=""none"" xmlns=""http://www.w3.org/2000/svg""> <path d=""M0 0H90.2849H196.826L198 96H90.2849H0V0Z"" fill=""#4F8960"" fill-opacity=""0.62""/> </svg>",50,31.6,7.7,vendida,,10,e1,e2,
11,11,6814c827e1d8937a7be833e6,6814c827e1d8937a7be83388,68795f4b959784bf5d0edd1d,false,false,Thu Jul 17 2025 20:38:35 GMT+0000 (Coordinated Universal Time),Fri Aug 08 2025 17:11:45 GMT+0000 (Coordinated Universal Time),Tue Aug 19 2025 14:10:06 GMT+0000 (Coordinated Universal Time),vista-occidente,,,,,1,,"<svg width=""100%"" height=""100%"" viewBox=""0 0 198 96"" fill=""none"" xmlns=""http://www.w3.org/2000/svg""> <path d=""M0 0H90.2849H196.826L198 96H90.2849H0V0Z"" fill=""#4F8960"" fill-opacity=""0.62""/> </svg>",50,27.8,7.7,vendida,,11,m1,m2,
12,12,6814c827e1d8937a7be833e6,6814c827e1d8937a7be83388,68795f4b15c029377a5758e7,false,false,Thu Jul 17 2025 20:38:35 GMT+0000 (Coordinated Universal Time),Wed Nov 26 2025 18:27:54 GMT+0000 (Coordinated Universal Time),Wed Nov 26 2025 18:27:54 GMT+0000 (Coordinated Universal Time),vista-occidente,,,,,1,,"<svg width=""100%"" height=""100%"" viewBox=""0 0 200 96"" fill=""none"" xmlns=""http://www.w3.org/2000/svg""> <path d=""M0 0H91.1968H198.814L200 96H91.1968H0V0Z"" fill=""#4F8960"" fill-opacity=""0.62""/> </svg>",50,24.1,7.7,vendida,,12,m1,m2,
13,13,6814c827e1d8937a7be833e6,6814c827e1d8937a7be83388,68795f4b205eb670d6d7c865,false,false,Thu Jul 17 2025 20:38:35 GMT+0000 (Coordinated Universal Time),Mon Aug 25 2025 14:21:22 GMT+0000 (Coordinated Universal Time),Mon Aug 25 2025 14:37:00 GMT+0000 (Coordinated Universal Time),vista-occidente,,,,,1,,"<svg width=""100%"" height=""100%"" viewBox=""0 0 200 96"" fill=""none"" xmlns=""http://www.w3.org/2000/svg""> <path d=""M0 0H91.1968H198.814L200 96H91.1968H0V0Z"" fill=""#4F8960"" fill-opacity=""0.62""/> </svg>",50,20.5,7.7,vendida,,13,m1,m2,
14,14,6814c827e1d8937a7be833e6,6814c827e1d8937a7be83388,68795f4cbd864bbd59642abc,false,false,Thu Jul 17 2025 20:38:36 GMT+0000 (Coordinated Universal Time),Wed Nov 26 2025 18:27:03 GMT+0000 (Coordinated Universal Time),Wed Nov 26 2025 18:27:03 GMT+0000 (Coordinated Universal Time),vista-occidente,,,,,2,,"<svg width=""100%"" height=""100%"" viewBox=""0 0 200 96"" fill=""none"" xmlns=""http://www.w3.org/2000/svg""> <path d=""M0 0H91.1968H198.814L200 96H91.1968H0V0Z"" fill=""#2385AF"" fill-opacity=""0.62""/> </svg>",50,16.7,7.7,disponible,,14,m1,m2,
15,15,6814c827e1d8937a7be833e6,6814c827e1d8937a7be83388,68795f4cbe0808b44b8b51be,false,false,Thu Jul 17 2025 20:38:36 GMT+0000 (Coordinated Universal Time),Wed Nov 26 2025 18:27:21 GMT+0000 (Coordinated Universal Time),Wed Nov 26 2025 18:27:21 GMT+0000 (Coordinated Universal Time),vista-occidente,,,,,2,,"<svg width=""100%"" height=""100%"" viewBox=""0 0 200 96"" fill=""none"" xmlns=""http://www.w3.org/2000/svg""> <path d=""M0 0H91.1968H198.814L200 96H91.1968H0V0Z"" fill=""#2385AF"" fill-opacity=""0.62""/> </svg>",50,13,7.7,disponible,,15,m1,m2,
16,16,6814c827e1d8937a7be833e6,6814c827e1d8937a7be83388,68795f4c57715446832cd514,false,false,Thu Jul 17 2025 20:38:36 GMT+0000 (Coordinated Universal Time),Mon Mar 02 2026 14:27:49 GMT+0000 (Coordinated Universal Time),Mon Mar 02 2026 14:27:49 GMT+0000 (Coordinated Universal Time),vista-occidente,,,,,2,,"<svg width=""100%"" height=""100%"" viewBox=""0 0 200 96"" fill=""none"" xmlns=""http://www.w3.org/2000/svg""> <path d=""M0 0H91.1968H198.814L200 96H91.1968H0V0Z"" fill=""#2385AF"" fill-opacity=""0.62""/> </svg>",50,9.2,7.7,vendida,,16,m1,m2,
17,17,6814c827e1d8937a7be833e6,6814c827e1d8937a7be83388,68795f4c04193d98ccf31a8b,false,false,Thu Jul 17 2025 20:38:36 GMT+0000 (Coordinated Universal Time),Wed Dec 10 2025 15:28:19 GMT+0000 (Coordinated Universal Time),Wed Dec 10 2025 15:28:19 GMT+0000 (Coordinated Universal Time),vista-occidente,,,,,2,,"<svg width=""100%"" height=""100%"" viewBox=""0 0 200 96"" fill=""none"" xmlns=""http://www.w3.org/2000/svg""> <path d=""M0 0H91.1968H198.814L200 96H91.1968H0V0Z"" fill=""#2385AF"" fill-opacity=""0.62""/> </svg>",50,5.5,7.7,vendida,,17,m1,m2,
18,25,6814c827e1d8937a7be833e6,6814c827e1d8937a7be83388,68795f4c4209b3d87b94c947,false,false,Thu Jul 17 2025 20:38:36 GMT+0000 (Coordinated Universal Time),Thu Jan 29 2026 20:51:33 GMT+0000 (Coordinated Universal Time),Thu Jan 29 2026 20:51:33 GMT+0000 (Coordinated Universal Time),vista-occidente,,,,,2,,"<svg width=""100%"" height=""100%"" viewBox=""0 0 252 95"" fill=""none"" xmlns=""http://www.w3.org/2000/svg""> <path d=""M0 0H114.908H250.506L252 95H114.908H0V0Z"" fill=""#2385AF"" fill-opacity=""0.62""/> </svg>",40,31.6,10,vendida,,18,e1,e2,
19,24,6814c827e1d8937a7be833e6,6814c827e1d8937a7be83388,68795f4c112dbe0ec3328a8e,false,false,Thu Jul 17 2025 20:38:36 GMT+0000 (Coordinated Universal Time),Wed Nov 26 2025 18:28:23 GMT+0000 (Coordinated Universal Time),Wed Nov 26 2025 18:28:23 GMT+0000 (Coordinated Universal Time),vista-occidente,,,,,2,,"<svg width=""100%"" height=""100%"" viewBox=""0 0 252 95"" fill=""none"" xmlns=""http://www.w3.org/2000/svg""> <path d=""M0 0H114.908H250.506L252 95H114.908H0V0Z"" fill=""#2385AF"" fill-opacity=""0.62""/> </svg>",40,27.8,10,disponible,,19,m1,m2,
2,2,6814c827e1d8937a7be833e6,6814c827e1d8937a7be83388,68795f4b7861196aeb7c3e26,false,false,Thu Jul 17 2025 20:38:35 GMT+0000 (Coordinated Universal Time),Wed Sep 03 2025 12:54:44 GMT+0000 (Coordinated Universal Time),Wed Sep 03 2025 12:54:44 GMT+0000 (Coordinated Universal Time),vista-occidente,,,,,1,,"<svg width=""100%"" height=""100%"" viewBox=""0 0 314 97"" fill=""none"" xmlns=""http://www.w3.org/2000/svg""> <path d=""M0 0H143.179H312.138L314 97H143.179H0V0Z"" fill=""#4F8960"" fill-opacity=""0.62""/> </svg>",62.2,32.1,12.5,vendida,,2,m1,m2,
20,23,6814c827e1d8937a7be833e6,6814c827e1d8937a7be83388,68795f4c83df79e030ee909a,false,false,Thu Jul 17 2025 20:38:36 GMT+0000 (Coordinated Universal Time),Wed Nov 26 2025 18:28:45 GMT+0000 (Coordinated Universal Time),Wed Nov 26 2025 18:28:45 GMT+0000 (Coordinated Universal Time),vista-occidente,,,,,2,,"<svg width=""100%"" height=""100%"" viewBox=""0 0 252 95"" fill=""none"" xmlns=""http://www.w3.org/2000/svg""> <path d=""M0 0H114.908H250.506L252 95H114.908H0V0Z"" fill=""#2385AF"" fill-opacity=""0.62""/> </svg>",40,24,10,disponible,,20,m1,m2,
21,22,6814c827e1d8937a7be833e6,6814c827e1d8937a7be83388,68795f4cbd864bbd59642aee,false,false,Thu Jul 17 2025 20:38:36 GMT+0000 (Coordinated Universal Time),Wed Nov 26 2025 18:28:59 GMT+0000 (Coordinated Universal Time),Wed Nov 26 2025 18:28:59 GMT+0000 (Coordinated Universal Time),vista-occidente,,,,,2,,"<svg width=""100%"" height=""100%"" viewBox=""0 0 252 95"" fill=""none"" xmlns=""http://www.w3.org/2000/svg""> <path d=""M0 0H114.908H250.506L252 95H114.908H0V0Z"" fill=""#2385AF"" fill-opacity=""0.62""/> </svg>",40,20.4,10,disponible,,21,m1,m2,
22,21,6814c827e1d8937a7be833e6,6814c827e1d8937a7be83388,68795f4ce56768294a5d48bb,false,false,Thu Jul 17 2025 20:38:36 GMT+0000 (Coordinated Universal Time),Wed Nov 26 2025 18:28:50 GMT+0000 (Coordinated Universal Time),Wed Nov 26 2025 18:28:50 GMT+0000 (Coordinated Universal Time),vista-occidente,,,,,2,,"<svg width=""100%"" height=""100%"" viewBox=""0 0 252 95"" fill=""none"" xmlns=""http://www.w3.org/2000/svg""> <path d=""M0 0H114.908H250.506L252 95H114.908H0V0Z"" fill=""#2385AF"" fill-opacity=""0.62""/> </svg>",40,16.7,10,disponible,,22,m1,m2,
23,20,6814c827e1d8937a7be833e6,6814c827e1d8937a7be83388,68795f4c29646cb909991f24,false,false,Thu Jul 17 2025 20:38:36 GMT+0000 (Coordinated Universal Time),Wed Nov 26 2025 18:29:05 GMT+0000 (Coordinated Universal Time),Wed Nov 26 2025 18:29:05 GMT+0000 (Coordinated Universal Time),vista-occidente,,,,,2,,"<svg width=""100%"" height=""100%"" viewBox=""0 0 252 95"" fill=""none"" xmlns=""http://www.w3.org/2000/svg""> <path d=""M0 0H114.908H250.506L252 95H114.908H0V0Z"" fill=""#2385AF"" fill-opacity=""0.62""/> </svg>",40,12.9,10,disponible,,23,m1,m2,
24,19,6814c827e1d8937a7be833e6,6814c827e1d8937a7be83388,68795f4cb38bf8ed9f4585c8,false,false,Thu Jul 17 2025 20:38:36 GMT+0000 (Coordinated Universal Time),Wed Nov 26 2025 18:29:15 GMT+0000 (Coordinated Universal Time),Wed Nov 26 2025 18:29:15 GMT+0000 (Coordinated Universal Time),vista-occidente,,,,,2,,"<svg width=""100%"" height=""100%"" viewBox=""0 0 254 94"" fill=""none"" xmlns=""http://www.w3.org/2000/svg""> <path d=""M0 0H115.82H252.494L254 94H115.82H0V0Z"" fill=""#2385AF"" fill-opacity=""0.62""/> </svg>",40,9.1,10,disponible,,24,m1,m2,
25,18,6814c827e1d8937a7be833e6,6814c827e1d8937a7be83388,68795f4c3f2b67a508878930,false,false,Thu Jul 17 2025 20:38:36 GMT+0000 (Coordinated Universal Time),Mon Feb 02 2026 19:29:22 GMT+0000 (Coordinated Universal Time),Mon Feb 02 2026 19:29:22 GMT+0000 (Coordinated Universal Time),vista-occidente,,,,,2,,"<svg width=""100%"" height=""100%"" viewBox=""0 0 254 94"" fill=""none"" xmlns=""http://www.w3.org/2000/svg""> <path d=""M0 0H115.82H252.494L254 94H115.82H0V0Z"" fill=""#2385AF"" fill-opacity=""0.62""/> </svg>",40,5.5,10,vendida,,25,m1,m2,
26,26,6814c827e1d8937a7be833e6,6814c827e1d8937a7be83388,68795f4c2a50a28a042474e8,false,false,Thu Jul 17 2025 20:38:36 GMT+0000 (Coordinated Universal Time),Tue Jul 22 2025 19:57:18 GMT+0000 (Coordinated Universal Time),Tue Jul 22 2025 19:57:43 GMT+0000 (Coordinated Universal Time),vista-occidente,,,,,3,,"<svg width=""100%"" height=""100%"" viewBox=""0 0 249 99"" fill=""none"" xmlns=""http://www.w3.org/2000/svg""><path d=""M0 0H113.54H247.524L249 99H113.54H0V0Z"" fill=""#839327"" fill-opacity=""0.62""/></svg>",25.7,4.8,9.8,pronto,,26,m1,m2,
27,027,6814c827e1d8937a7be833e6,6814c827e1d8937a7be83388,68795f4c9b86087696f145d0,false,false,Thu Jul 17 2025 20:38:36 GMT+0000 (Coordinated Universal Time),Tue Jul 22 2025 19:58:44 GMT+0000 (Coordinated Universal Time),Tue Jul 22 2025 20:13:28 GMT+0000 (Coordinated Universal Time),vista-occidente,,,,,3,,"<svg width=""100%"" height=""100%"" viewBox=""0 0 249 92"" fill=""none"" xmlns=""http://www.w3.org/2000/svg""><path d=""M0 0H113.54H247.524L249 92H113.54H0V0Z"" fill=""#839327"" fill-opacity=""0.62""/></svg>",25.7,8.6,10,pronto,,27,m1,m2,
28,28,6814c827e1d8937a7be833e6,6814c827e1d8937a7be83388,68795f4ce415a80100baf264,false,false,Thu Jul 17 2025 20:38:36 GMT+0000 (Coordinated Universal Time),Tue Jul 22 2025 19:57:18 GMT+0000 (Coordinated Universal Time),Tue Jul 22 2025 19:57:43 GMT+0000 (Coordinated Universal Time),vista-occidente,,,,,3,,"<svg width=""100%"" height=""100%"" viewBox=""0 0 249 95"" fill=""none"" xmlns=""http://www.w3.org/2000/svg""><path d=""M0 0H113.54H247.524L249 95H113.54H0V0Z"" fill=""#839327"" fill-opacity=""0.62""/></svg>",25.7,12.3,10,pronto,,28,m1,m2,
29,29,6814c827e1d8937a7be833e6,6814c827e1d8937a7be83388,68795f4cc39a84d844aad547,false,false,Thu Jul 17 2025 20:38:36 GMT+0000 (Coordinated Universal Time),Tue Jul 22 2025 19:57:18 GMT+0000 (Coordinated Universal Time),Tue Jul 22 2025 19:57:43 GMT+0000 (Coordinated Universal Time),vista-occidente,,,,,3,,"<svg width=""100%"" height=""100%"" viewBox=""0 0 249 95"" fill=""none"" xmlns=""http://www.w3.org/2000/svg""><path d=""M0 0H113.54H247.524L249 95H113.54H0V0Z"" fill=""#839327"" fill-opacity=""0.62""/></svg>",25.7,16.1,9.8,pronto,,29,m1,m2,
3,3,6814c827e1d8937a7be833e6,6814c827e1d8937a7be83388,68795f4b0cca9a30e8ab8161,false,false,Thu Jul 17 2025 20:38:35 GMT+0000 (Coordinated Universal Time),Wed Nov 26 2025 18:26:50 GMT+0000 (Coordinated Universal Time),Wed Nov 26 2025 18:26:50 GMT+0000 (Coordinated Universal Time),vista-occidente,,,,,1,,"<svg width=""100%"" height=""100%"" viewBox=""0 0 314 97"" fill=""none"" xmlns=""http://www.w3.org/2000/svg""> <path d=""M0 0H143.179H312.138L314 97H143.179H0V0Z"" fill=""#4F8960"" fill-opacity=""0.62""/> </svg>",62.1,28.2,12.5,vendida,,3,m1,m2,
30,30,6814c827e1d8937a7be833e6,6814c827e1d8937a7be83388,68795f4d698bc2ad1645e48c,false,false,Thu Jul 17 2025 20:38:37 GMT+0000 (Coordinated Universal Time),Tue Jul 22 2025 19:57:18 GMT+0000 (Coordinated Universal Time),Tue Jul 22 2025 19:57:43 GMT+0000 (Coordinated Universal Time),vista-occidente,,,,,3,,"<svg width=""100%"" height=""100%"" viewBox=""0 0 249 95"" fill=""none"" xmlns=""http://www.w3.org/2000/svg""><path d=""M0 0H113.54H247.524L249 95H113.54H0V0Z"" fill=""#839327"" fill-opacity=""0.62""/></svg>",25.7,19.7,9.9,pronto,,30,m1,m2,
31,31,6814c827e1d8937a7be833e6,6814c827e1d8937a7be83388,68795f4da3cf99370de477d3,false,false,Thu Jul 17 2025 20:38:37 GMT+0000 (Coordinated Universal Time),Tue Jul 22 2025 19:57:18 GMT+0000 (Coordinated Universal Time),Tue Jul 22 2025 19:57:43 GMT+0000 (Coordinated Universal Time),vista-occidente,,,,,3,,"<svg width=""100%"" height=""100%"" viewBox=""0 0 249 97"" fill=""none"" xmlns=""http://www.w3.org/2000/svg""><path d=""M0 0H113.54H247.524L249 97H113.54H0V0Z"" fill=""#839327"" fill-opacity=""0.62""/></svg>",25.7,23.5,9.9,pronto,,31,m1,m2,
32,32,6814c827e1d8937a7be833e6,6814c827e1d8937a7be83388,68795f4d38ccfcaa5d0f3d3e,false,false,Thu Jul 17 2025 20:38:37 GMT+0000 (Coordinated Universal Time),Tue Jul 22 2025 19:57:18 GMT+0000 (Coordinated Universal Time),Tue Jul 22 2025 19:57:43 GMT+0000 (Coordinated Universal Time),vista-occidente,,,,,3,,"<svg width=""100%"" height=""100%"" viewBox=""0 0 249 97"" fill=""none"" xmlns=""http://www.w3.org/2000/svg""><path d=""M0 0H113.54H247.524L249 97H113.54H0V0Z"" fill=""#839327"" fill-opacity=""0.62""/></svg>",25.7,27.2,9.9,pronto,,32,m1,m2,
33,33,6814c827e1d8937a7be833e6,6814c827e1d8937a7be83388,68795f4dc95eede340ff189f,false,false,Thu Jul 17 2025 20:38:37 GMT+0000 (Coordinated Universal Time),Tue Jul 22 2025 19:57:18 GMT+0000 (Coordinated Universal Time),Tue Jul 22 2025 19:57:43 GMT+0000 (Coordinated Universal Time),vista-occidente,,,,,3,,"<svg width=""100%"" height=""100%"" viewBox=""0 0 249 97"" fill=""none"" xmlns=""http://www.w3.org/2000/svg""><path d=""M0 0H113.54H247.524L249 97H113.54H0V0Z"" fill=""#839327"" fill-opacity=""0.62""/></svg>",25.7,31,9.9,pronto,,33,e1,e2,
34,34,6814c827e1d8937a7be833e6,6814c827e1d8937a7be83388,68795f4dc9b477d1abf9c4c6,false,false,Thu Jul 17 2025 20:38:37 GMT+0000 (Coordinated Universal Time),Tue Jul 22 2025 19:57:18 GMT+0000 (Coordinated Universal Time),Tue Jul 22 2025 19:57:43 GMT+0000 (Coordinated Universal Time),vista-occidente,,,,,3,,"<svg width=""100%"" height=""100%"" viewBox=""0 0 201 94"" fill=""none"" xmlns=""http://www.w3.org/2000/svg""><path d=""M0 0H91.6528H199.808L201 94H91.6528H0V0Z"" fill=""#839327"" fill-opacity=""0.62""/></svg>",17.4,30.9,8.4,pronto,,34,e1,e2,
35,35,6814c827e1d8937a7be833e6,6814c827e1d8937a7be83388,68795f4dcb18f45b17b39115,false,false,Thu Jul 17 2025 20:38:37 GMT+0000 (Coordinated Universal Time),Tue Jul 22 2025 19:57:18 GMT+0000 (Coordinated Universal Time),Tue Jul 22 2025 19:57:43 GMT+0000 (Coordinated Universal Time),vista-occidente,,,,,3,,"<svg width=""100%"" height=""100%"" viewBox=""0 0 201 94"" fill=""none"" xmlns=""http://www.w3.org/2000/svg""><path d=""M0 0H91.6528H199.808L201 94H91.6528H0V0Z"" fill=""#839327"" fill-opacity=""0.62""/></svg>",17.4,27.1,8.3,pronto,,35,m1,m2,
36,36,6814c827e1d8937a7be833e6,6814c827e1d8937a7be83388,68795f4d0c8ee9a815c10fff,false,false,Thu Jul 17 2025 20:38:37 GMT+0000 (Coordinated Universal Time),Tue Jul 22 2025 19:57:18 GMT+0000 (Coordinated Universal Time),Tue Jul 22 2025 19:57:43 GMT+0000 (Coordinated Universal Time),vista-occidente,,,,,3,,"<svg width=""100%"" height=""100%"" viewBox=""0 0 201 94"" fill=""none"" xmlns=""http://www.w3.org/2000/svg""><path d=""M0 0H91.6528H199.808L201 94H91.6528H0V0Z"" fill=""#839327"" fill-opacity=""0.62""/></svg>",17.4,23.4,8.3,pronto,,36,m1,m2,
37,37,6814c827e1d8937a7be833e6,6814c827e1d8937a7be83388,68795f4d9696564d82458271,false,false,Thu Jul 17 2025 20:38:37 GMT+0000 (Coordinated Universal Time),Tue Jul 22 2025 19:57:18 GMT+0000 (Coordinated Universal Time),Tue Jul 22 2025 19:57:43 GMT+0000 (Coordinated Universal Time),vista-occidente,,,,,3,,"<svg width=""100%"" height=""100%"" viewBox=""0 0 201 94"" fill=""none"" xmlns=""http://www.w3.org/2000/svg""><path d=""M0 0H91.6528H199.808L201 94H91.6528H0V0Z"" fill=""#839327"" fill-opacity=""0.62""/></svg>",17.4,19.7,8.3,pronto,,37,m1,m2,
38,38,6814c827e1d8937a7be833e6,6814c827e1d8937a7be83388,68795f4df6b2eb0a137929ec,false,false,Thu Jul 17 2025 20:38:37 GMT+0000 (Coordinated Universal Time),Tue Jul 22 2025 19:57:18 GMT+0000 (Coordinated Universal Time),Tue Jul 22 2025 19:57:43 GMT+0000 (Coordinated Universal Time),vista-occidente,,,,,4,,"<svg width=""100%"" height=""100%"" viewBox=""0 0 201 94"" fill=""none"" xmlns=""http://www.w3.org/2000/svg""><path d=""M0 0H91.6528H199.808L201 94H91.6528H0V0Z"" fill=""#693535"" fill-opacity=""0.62""/></svg>",17.4,16,8.3,pronto,,38,m1,m2,
39,39,6814c827e1d8937a7be833e6,6814c827e1d8937a7be83388,68795f4d0e4762f4a598d218,false,false,Thu Jul 17 2025 20:38:37 GMT+0000 (Coordinated Universal Time),Tue Jul 22 2025 19:57:18 GMT+0000 (Coordinated Universal Time),Tue Jul 22 2025 19:57:43 GMT+0000 (Coordinated Universal Time),vista-occidente,,,,,4,,"<svg width=""100%"" height=""100%"" viewBox=""0 0 201 94"" fill=""none"" xmlns=""http://www.w3.org/2000/svg""><path d=""M0 0H91.6528H199.808L201 94H91.6528H0V0Z"" fill=""#693535"" fill-opacity=""0.62""/></svg>",17.4,12.2,8.3,pronto,,39,m1,m2,
4,4,6814c827e1d8937a7be833e6,6814c827e1d8937a7be83388,68795f4bd5b82e05fa43b406,false,false,Thu Jul 17 2025 20:38:35 GMT+0000 (Coordinated Universal Time),Wed Oct 22 2025 16:44:41 GMT+0000 (Coordinated Universal Time),Wed Oct 22 2025 16:44:41 GMT+0000 (Coordinated Universal Time),vista-occidente,,,,,1,,"<svg width=""100%"" height=""100%"" viewBox=""0 0 314 97"" fill=""none"" xmlns=""http://www.w3.org/2000/svg""> <path d=""M0 0H143.179H312.138L314 97H143.179H0V0Z"" fill=""#4F8960"" fill-opacity=""0.62""/> </svg>",62.1,24.5,12.5,vendida,,4,m1,m2,
40,40,6814c827e1d8937a7be833e6,6814c827e1d8937a7be83388,68795f4da5a9efe0e1a5dada,false,false,Thu Jul 17 2025 20:38:37 GMT+0000 (Coordinated Universal Time),Tue Jul 22 2025 19:57:19 GMT+0000 (Coordinated Universal Time),Tue Jul 22 2025 19:57:43 GMT+0000 (Coordinated Universal Time),vista-occidente,,,,,4,,"<svg width=""100%"" height=""100%"" viewBox=""0 0 201 94"" fill=""none"" xmlns=""http://www.w3.org/2000/svg""><path d=""M0 0H91.6528H199.808L201 94H91.6528H0V0Z"" fill=""#693535"" fill-opacity=""0.62""/></svg>",17.4,8.6,8.3,pronto,,40,m1,m2,
41,41,6814c827e1d8937a7be833e6,6814c827e1d8937a7be83388,68795f4dae2a5107e34b2a6a,false,false,Thu Jul 17 2025 20:38:37 GMT+0000 (Coordinated Universal Time),Tue Jul 22 2025 19:57:19 GMT+0000 (Coordinated Universal Time),Tue Jul 22 2025 19:57:43 GMT+0000 (Coordinated Universal Time),vista-occidente,,,,,4,,"<svg width=""100%"" height=""100%"" viewBox=""0 0 201 94"" fill=""none"" xmlns=""http://www.w3.org/2000/svg""><path d=""M0 0H91.6528H199.808L201 94H91.6528H0V0Z"" fill=""#693535"" fill-opacity=""0.62""/></svg>",17.4,4.8,8.3,pronto,,41,m1,m2,
42,42,6814c827e1d8937a7be833e6,6814c827e1d8937a7be83388,68795f4de4f5d47e5f34a002,false,false,Thu Jul 17 2025 20:38:37 GMT+0000 (Coordinated Universal Time),Tue Jul 22 2025 19:57:19 GMT+0000 (Coordinated Universal Time),Tue Jul 22 2025 19:57:43 GMT+0000 (Coordinated Universal Time),vista-occidente,,,,,4,,"<svg width=""100%"" height=""100%"" viewBox=""0 0 310 94"" fill=""none"" xmlns=""http://www.w3.org/2000/svg""><path d=""M0 0H141.355H308.162L310 94H141.355H0V0Z"" fill=""#693535"" fill-opacity=""0.62""/></svg>",1.5,5.1,12.2,pronto,,42,m1,m2,
43,43,6814c827e1d8937a7be833e6,6814c827e1d8937a7be83388,68795f4d482c63c9d5a9b884,false,false,Thu Jul 17 2025 20:38:37 GMT+0000 (Coordinated Universal Time),Tue Jul 22 2025 19:57:19 GMT+0000 (Coordinated Universal Time),Tue Jul 22 2025 19:57:43 GMT+0000 (Coordinated Universal Time),vista-occidente,,,,,4,,"<svg width=""100%"" height=""100%"" viewBox=""0 0 310 94"" fill=""none"" xmlns=""http://www.w3.org/2000/svg""><path d=""M0 0H141.355H308.162L310 94H141.355H0V0Z"" fill=""#693535"" fill-opacity=""0.62""/></svg>",1.5,8.8,12.2,pronto,,43,m1,m2,
44,44,6814c827e1d8937a7be833e6,6814c827e1d8937a7be83388,68795f4d0cca9a30e8ab8220,false,false,Thu Jul 17 2025 20:38:37 GMT+0000 (Coordinated Universal Time),Tue Jul 22 2025 19:58:30 GMT+0000 (Coordinated Universal Time),Tue Jul 22 2025 19:58:30 GMT+0000 (Coordinated Universal Time),vista-occidente,,,,,4,,"<svg width=""100%"" height=""100%"" viewBox=""0 0 310 94"" fill=""none"" xmlns=""http://www.w3.org/2000/svg""><path d=""M0 0H141.355H308.162L310 94H141.355H0V0Z"" fill=""#693535"" fill-opacity=""0.62""/></svg>",1.5,12.5,12.2,pronto,,44,m1,m2,
45,45,6814c827e1d8937a7be833e6,6814c827e1d8937a7be83388,68795f4d4c1289550cc3c708,false,false,Thu Jul 17 2025 20:38:37 GMT+0000 (Coordinated Universal Time),Tue Jul 22 2025 19:57:19 GMT+0000 (Coordinated Universal Time),Tue Jul 22 2025 19:57:43 GMT+0000 (Coordinated Universal Time),vista-occidente,,,,,4,,"<svg width=""100%"" height=""100%"" viewBox=""0 0 310 94"" fill=""none"" xmlns=""http://www.w3.org/2000/svg""><path d=""M0 0H141.355H308.162L310 94H141.355H0V0Z"" fill=""#693535"" fill-opacity=""0.62""/></svg>",1.5,16.2,12.2,pronto,,45,m1,m2,
46,46,6814c827e1d8937a7be833e6,6814c827e1d8937a7be83388,68795f4df5ff284615bb3ba1,false,false,Thu Jul 17 2025 20:38:37 GMT+0000 (Coordinated Universal Time),Tue Jul 22 2025 19:57:19 GMT+0000 (Coordinated Universal Time),Tue Jul 22 2025 19:57:43 GMT+0000 (Coordinated Universal Time),vista-occidente,,,,,4,,"<svg width=""100%"" height=""100%"" viewBox=""0 0 310 99"" fill=""none"" xmlns=""http://www.w3.org/2000/svg""><path d=""M0 0H141.355H308.162L310 99H141.355H0V0Z"" fill=""#693535"" fill-opacity=""0.62""/></svg>",1.5,19.8,12.2,pronto,,46,m1,m2,
47,47,6814c827e1d8937a7be833e6,6814c827e1d8937a7be83388,68795f4d1d342465695735e1,false,false,Thu Jul 17 2025 20:38:37 GMT+0000 (Coordinated Universal Time),Tue Jul 22 2025 19:57:19 GMT+0000 (Coordinated Universal Time),Tue Jul 22 2025 19:57:43 GMT+0000 (Coordinated Universal Time),vista-occidente,,,,,4,,"<svg width=""100%"" height=""100%"" viewBox=""0 0 310 99"" fill=""none"" xmlns=""http://www.w3.org/2000/svg""><path d=""M0 0H141.355H308.162L310 99H141.355H0V0Z"" fill=""#693535"" fill-opacity=""0.62""/></svg>",1.5,23.5,12.2,pronto,,47,m1,m2,
48,48,6814c827e1d8937a7be833e6,6814c827e1d8937a7be83388,68795f4e57715446832cd644,false,false,Thu Jul 17 2025 20:38:38 GMT+0000 (Coordinated Universal Time),Tue Jul 22 2025 19:57:19 GMT+0000 (Coordinated Universal Time),Tue Jul 22 2025 19:57:43 GMT+0000 (Coordinated Universal Time),vista-occidente,,,,,4,,"<svg width=""100%"" height=""100%"" viewBox=""0 0 310 99"" fill=""none"" xmlns=""http://www.w3.org/2000/svg""><path d=""M0 0H141.355H308.162L310 99H141.355H0V0Z"" fill=""#693535"" fill-opacity=""0.62""/></svg>",1.5,27.3,12.2,pronto,,48,m1,m2,
49,49,6814c827e1d8937a7be833e6,6814c827e1d8937a7be83388,68795f4e94de6faa542e8924,false,false,Thu Jul 17 2025 20:38:38 GMT+0000 (Coordinated Universal Time),Tue Jul 22 2025 19:57:19 GMT+0000 (Coordinated Universal Time),Tue Jul 22 2025 19:57:43 GMT+0000 (Coordinated Universal Time),vista-occidente,,,,,4,,"<svg width=""100%"" height=""100%"" viewBox=""0 0 310 99"" fill=""none"" xmlns=""http://www.w3.org/2000/svg""><path d=""M0 0H141.355H308.162L310 99H141.355H0V0Z"" fill=""#693535"" fill-opacity=""0.62""/></svg>",1.5,31.2,12.2,pronto,,49,m1,m2,
5,5,6814c827e1d8937a7be833e6,6814c827e1d8937a7be83388,68795f4b0eb51340f6fa0b8a,false,false,Thu Jul 17 2025 20:38:35 GMT+0000 (Coordinated Universal Time),Wed Oct 22 2025 16:44:50 GMT+0000 (Coordinated Universal Time),Wed Oct 22 2025 16:44:50 GMT+0000 (Coordinated Universal Time),vista-occidente,,,,,1,,"<svg width=""100%"" height=""100%"" viewBox=""0 0 314 95"" fill=""none"" xmlns=""http://www.w3.org/2000/svg""> <path d=""M0 0H143.179H312.138L314 95H143.179H0V0Z"" fill=""#4F8960"" fill-opacity=""0.62""/> </svg>",62.1,20.8,12.5,vendida,,5,m1,m2,
50,50,6814c827e1d8937a7be833e6,6814c827e1d8937a7be83388,68795f4e23e224df85a083d0,false,false,Thu Jul 17 2025 20:38:38 GMT+0000 (Coordinated Universal Time),Tue Jul 22 2025 19:57:19 GMT+0000 (Coordinated Universal Time),Tue Jul 22 2025 19:57:43 GMT+0000 (Coordinated Universal Time),vista-occidente,,,,,4,,"<svg width=""100%"" height=""100%"" viewBox=""0 0 310 99"" fill=""none"" xmlns=""http://www.w3.org/2000/svg""><path d=""M0 0H141.355H308.162L310 99H141.355H0V0Z"" fill=""#693535"" fill-opacity=""0.62""/></svg>",1.5,34.9,12.2,pronto,,50,e1,e2,
6,6,6814c827e1d8937a7be833e6,6814c827e1d8937a7be83388,68795f4b112dbe0ec3328a61,false,false,Thu Jul 17 2025 20:38:35 GMT+0000 (Coordinated Universal Time),Fri Aug 22 2025 19:45:08 GMT+0000 (Coordinated Universal Time),Fri Aug 22 2025 19:45:12 GMT+0000 (Coordinated Universal Time),vista-occidente,,,,,1,,"<svg width=""100%"" height=""100%"" viewBox=""0 0 314 97"" fill=""none"" xmlns=""http://www.w3.org/2000/svg""> <path d=""M0 0H143.179H312.138L314 97H143.179H0V0Z"" fill=""#4F8960"" fill-opacity=""0.62""/> </svg>",62,17.1,12.5,vendida,,6,m1,m2,
7,7,6814c827e1d8937a7be833e6,6814c827e1d8937a7be83388,68795f4bf82f382a585f9ca8,false,false,Thu Jul 17 2025 20:38:35 GMT+0000 (Coordinated Universal Time),Mon Sep 08 2025 14:51:01 GMT+0000 (Coordinated Universal Time),Mon Sep 08 2025 14:51:01 GMT+0000 (Coordinated Universal Time),vista-occidente,,,,,1,,"<svg width=""100%"" height=""100%"" viewBox=""0 0 314 94"" fill=""none"" xmlns=""http://www.w3.org/2000/svg""> <path d=""M0 0H143.179H312.138L314 94H143.179H0V0Z"" fill=""#4F8960"" fill-opacity=""0.62""/> </svg>",62,13.3,12.5,vendida,,7,m1,m2,
8,8,6814c827e1d8937a7be833e6,6814c827e1d8937a7be83388,68795f4b0eb51340f6fa0ba4,false,false,Thu Jul 17 2025 20:38:35 GMT+0000 (Coordinated Universal Time),Wed Sep 03 2025 12:54:52 GMT+0000 (Coordinated Universal Time),Wed Sep 03 2025 12:54:52 GMT+0000 (Coordinated Universal Time),vista-occidente,,,,,1,,"<svg width=""100%"" height=""100%"" viewBox=""0 0 314 97"" fill=""none"" xmlns=""http://www.w3.org/2000/svg""> <path d=""M0 0H143.179H312.138L314 97H143.179H0V0Z"" fill=""#4F8960"" fill-opacity=""0.62""/> </svg>",62,9.6,12.5,vendida,,8,m1,m2,
9,9,6814c827e1d8937a7be833e6,6814c827e1d8937a7be83388,68795f4b3edfb396f06edd99,false,false,Thu Jul 17 2025 20:38:35 GMT+0000 (Coordinated Universal Time),Mon Aug 25 2025 14:21:11 GMT+0000 (Coordinated Universal Time),Mon Aug 25 2025 14:37:00 GMT+0000 (Coordinated Universal Time),vista-occidente,,,,,1,,"<svg width=""100%"" height=""100%"" viewBox=""0 0 314 97"" fill=""none"" xmlns=""http://www.w3.org/2000/svg""> <path d=""M0 0H143.179H312.138L314 97H143.179H0V0Z"" fill=""#4F8960"" fill-opacity=""0.62""/> </svg>",62,5.9,12.5,vendida,,9,m1,m2,
Local 1001,local-1001,6814c827e1d8937a7be833e6,6814c827e1d8937a7be83388,6814c827e1d8937a7be833a1,false,true,Mon Feb 19 2024 19:31:56 GMT+0000 (Coordinated Universal Time),Tue Jul 22 2025 19:57:19 GMT+0000 (Coordinated Universal Time),,vista-oriente,,7.6 / 24,470.53,437.59,5.5,https://cdn.prod.website-files.com/6814c827e1d8937a7be8338f/6814c827e1d8937a7be83600_67d4888d95d7ff29e3523e45_66ece93d000e11efce540664_66d62bd3c2cd579ac0e8b713_Slide%2525252016_9%25252520-%2525252041.png,,5.1,2.8,28.8,disponible,Sur,1001,,,1
